"lat","long"
10.9871,-85.4282
10.86472,-85.41531
10.9928,-85.4294
10.9867,-85.385
11.016,-85.3805
11.0099,-85.3921
10.9066,-85.2878
10.9019,-85.2749
10.9009,-85.2891
10.8968,-85.27
10.8962,-85.2777
10.9305,-85.3722
10.9053,-85.2788
10.9061,-85.2828
10.9868,-85.4208
10.8967,-85.29
10.8993,-85.2749
10.9004,-85.3725
10.8043,-85.6829
10.9301,-85.2521
11.0123,-85.3493
10.9043,-85.2865
10.8439,-85.6138
11.0193,-85.41
10.944,-85.3174
10.9408,-85.3177
10.76737,-85.43313
10.9355,-85.2531
10.9845,-85.4248
10.8774,-85.3236
10.9619,-85.2804
10.9817,-85.4278
10.991,-85.3954
10.8794,-85.3861
10.8777,-85.3934
10.9876,-85.4197
10.8712,-85.3875
10.9185,-85.3034
11.0183,-85.372
10.9555,-85.2838
10.77175,-85.434
10.9934,-85.4027
10.9043,-85.3073
10.9695,-85.3826
10.9474,-85.315
10.9888,-85.4234
10.9304,-85.2568
10.9229,-85.3188
11.0162,-85.359
10.75876,-85.37543
10.893,-85.3788
10.9833,-85.4362
10.9959,-85.3984
10.9857,-85.4187
10.8674,-85.3874
10.8607,-85.4256
10.8787,-85.3896
10.9333,-85.2533
10.9909,-85.4054
10.9893,-85.4258
11.0135,-85.4241
10.9945,-85.4146
11.0031,-85.4204
10.8489,-85.3281
11.0182,-85.4502
10.8376,-85.6187
NA,NA
11.002,-85.4617
10.7707,-85.4287
10.7626,-85.4298
10.7718,-85.434
11.0268,-85.4955
11.0338,-85.4771
11.0323,-85.5278
10.9938,-85.5211
11.0237,-85.4188
10.9964,-85.4019
10.7631,-85.4133
11.0153,-85.3977
10.9159,-85.2663
10.9038,-85.2596
10.9042,-85.2712
10.9227,-85.4641
10.9271,-85.4668
10.88367,-85.29081
10.7722,-85.4122
10.8588,-85.6612
10.7674,-85.4331
11.0303,-85.5478
10.7648,-85.3845
10.9426,-85.3133
10.90093,-85.28915
10.9163,-85.37869
10.93038,-85.25682
10.76261,-85.42979
11.00494,-85.47491
10.93548,-85.25314
10.96536,-85.32386
10.77329,-85.37904
10.97073,-85.31434
10.90037,-85.37254
11.01355,-85.42406
10.9959,-85.39842
11.01602,-85.38053
10.96891,-85.3202
10.94741,-85.31501
10.9301,-85.25205
10.93332,-85.25331
10.91847,-85.30338
10.90445,-85.28412
10.9305,-85.37223
10.90528,-85.27882
11.01087,-85.48817
10.9555,-85.28381
10.73148,-85.33675
10.88186,-85.38221
10.87161,-85.39333
10.87766,-85.39343
10.75722,-85.33582
11.01926,-85.40997
11.02367,-85.41884
10.95813,-85.28416
11.01825,-85.37199
10.76307,-85.41332
10.89928,-85.27486
10.90661,-85.28784
10.8794,-85.38607
10.96187,-85.28045
10.98171,-85.42785
10.77119,-85.36073
10.87124,-85.38749
10.99697,-85.39666
10.90187,-85.27495
10.87621,-85.38632
11.04562,-85.45742
11.00199,-85.46166
10.88353,-85.32675
10.969,-85.32
9.863467,-84.146736
10.9888,-85.42336
10.99102,-85.39539
10.9805,-85.54429
11.00562,-85.57429
10.95991,-85.28298
10.95644,-85.26611
10.96845,-85.31828
10.95669,-85.28934
11.00025,-85.45614
10.98445,-85.42481
10.96526,-85.32675
10.92446,-85.46953
10.88409,-85.25728
10.92291,-85.31877
10.98931,-85.42581
10.92691,-85.46822
10.86472,-85.4153
11.00987,-85.39214
11.01983,-85.41342
10.96806,-85.32094
11.00311,-85.42041
10.7709,-85.42455
10.76433,-85.30446
10.89666,-85.29003
10.75992,-85.28753
10.99637,-85.40195
10.98705,-85.42816
10.89678,-85.27001
10.94404,-85.31738
10.88009,-85.38887
10.7553,-85.3912
10.7275,-85.41212
10.92847,-85.4668
11.02681,-85.49547
10.8801,-85.3889
10.92767,-85.47449
10.92918,-85.46426
10.99284,-85.42936
10.96331,-85.32243
10.9245,-85.4695
10.96543,-85.32043
10.9292,-85.4643
10.9247,-85.4674
10.9269,-85.4682
10.9255,-85.4716
10.9277,-85.4745
10.9146,-85.4626
10.9567,-85.2893
10.9599,-85.283
10.9163,-85.3787
10.9564,-85.2661
10.96084,-85.32205
10.86069,-85.42558
10.87097,-85.39144
11.00054,-85.39341
11.01525,-85.39766
11.01095,-85.42094
10.98332,-85.43623
11.04249,-85.40339
11.01823,-85.45024
11.03239,-85.57545
11.03226,-85.52776
10.9409,-85.3383
10.7416,-85.42734
10.77074,-85.42874
10.75894,-85.30271
10.77079,-85.37422
10.8962,-85.27769
10.85761,-85.24738
10.88068,-85.26968
10.87703,-85.23077
11.01227,-85.34929
10.94076,-85.3177
11.00217,-85.46337
10.9868,-85.42083
10.96526,-85.32506
10.88111,-85.38889
10.95296,-85.26978
10.94259,-85.31333
10.96481,-85.31821
10.9109,-85.19295
10.99455,-85.41461
10.93328,-85.45729
10.99616,-85.45562
10.89044,-85.26935
10.8583,-85.6109
11.0022,-85.4634
10.9962,-85.4556
10.98758,-85.41967
10.76248,-85.33689
11.02865,-85.48669
10.92471,-85.46738
10.93362,-85.47308
10.87868,-85.38963
11.0198,-85.4134
10.9867,-85.38503
10.997,-85.3967
11.0501,-85.5866
11.021,-85.5253
11.011,-85.4209
10.8902,-85.388
10.8807,-85.2697
10.918,-85.303
10.9581,-85.2842
10.9835,-85.4212
10.8655,-85.3969
10.9333,-85.4573
10.9045,-85.2841
10.8811,-85.3889
10.9839,-85.3885
10.9459,-85.3204
10.93167,-85.32857
10.974,-85.2833
10.7275,-85.4121
10.8884,-85.259
11.01182,-85.53167
11.0425,-85.4034
10.8841,-85.2573
10.953,-85.2698
10.9689,-85.3202
10.99087,-85.4054
11.0479,-85.4527
11.0456,-85.4574
10.99689,-85.45679
10.9482,-85.41777
10.76414,-85.30427
10.86546,-85.39694
10.88585,-85.49222
10.887,-85.47443
10.88996,-85.47966
11.04118,-85.4417
10.8702,-85.39153
11.02738,-85.33679
10.98816,-85.39581
11.01373,-85.42531
10.99339,-85.40271
10.9835,-85.42117
11.04788,-85.45266
10.97337,-85.42088
10.9648,-85.3182
11.0049,-85.4749
11.0109,-85.4882
11.0089,-85.4098
10.9799,-85.3859
10.8908,-85.4719
10.89,-85.4797
10.8858,-85.4922
11.0001,-85.4019
10.87741,-85.32363
11.0006,-85.438
11.0412,-85.4417
10.7625,-85.3369
10.7639,-85.3784
11.01926,-85.40948
11.0052,-85.474
10.89021,-85.38803
10.91407,-85.38174
10.77816,-85.41629
10.86666,-85.24528
10.7683,-85.4257
10.8492,-85.7731
10.7671,-85.5966
11.0353,-85.4453
11.0323,-85.4395
10.8596,-85.685
10.8514,-85.608
11.033,-85.429
11.0287,-85.4867
10.8716,-85.3933
10.8269,-85.6041
11.0154,-85.5113
10.887,-85.4744
11.0002,-85.4561
10.7588,-85.3754
11.03,-85.527
10.8357,-85.6125
10.8762,-85.3863
10.9404,-85.6804
11.0284,-85.4895
11.0056,-85.5743
10.9812,-85.4177
10.8819,-85.3822
11.0043,-85.4165
10.8986,-85.5642
10.8388,-85.601
10.8725,-85.3793
10.8702,-85.3915
10.9268,-85.4533
10.7682,-85.435
10.8667,-85.2453
10.9332,-85.2533
10.769,-85.4346
10.7416,-85.4273
10.8668,-85.6465
10.9616,-85.4958
10.8591,-85.5709
10.75864,-85.37269
10.9047,-85.468
11.0274,-85.3368
10.7586,-85.3727
10.8892,-85.4761
10.8628,-85.3846
10.873,-85.3814
10.8888,-85.4348
11.0324,-85.5754
10.9512,-85.5975
10.8849,-85.472
10.7087,-85.6287
11.0175,-85.4741
10.7782,-85.4163
10.8122,-85.5444
10.8471,-85.7714
10.9364,-85.4776
11.0299,-85.4536
11.0077,-85.4793
10.892,-85.2937
11.0317,-85.5262
10.9141,-85.3817
10.8688,-85.3934
11.0056,-85.4797
10.9285,-85.4668
10.8667,-85.6493
10.9468,-85.567
10.8829,-85.4745
10.89974,-85.38085
10.798,-85.6498
10.8527,-85.6742
10.8899,-85.4743
10.9937,-85.4639
10.8429,-85.6161
10.8487,-85.6305
10.8925,-85.6034
10.7721,-85.6512
10.7894,-85.551
10.7627,-85.56
10.884,-85.386
10.8606,-85.3791
11.0331,-85.4288
10.8633,-85.5744
10.8656,-85.3956
10.8634,-85.7253
10.7606,-85.4028
11.0236,-85.4914
10.9038,-85.3027
10.8913,-85.598
10.9078,-85.2914
10.7477,-85.5858
10.877,-85.2308
10.8492,-85.2534
10.8465,-85.6092
10.75725,-85.55354
10.7572,-85.5535
10.8781,-85.5835
10.9334,-85.7291
11.0285,-85.5232
10.8826,-85.2516
10.9515,-85.3739
10.871,-85.3914
11.0318,-85.5216
10.8536,-85.6094
10.8222,-85.6434
10.8274,-85.6365
10.8027,-85.6742
11.0145,-85.4749
10.8608,-85.6083
10.8203,-85.3446
10.9336,-85.4731
10.8904,-85.2693
10.9009,-85.729
10.8584,-85.7954
10.9302,-85.4694
10.9538,-85.4909
10.7759,-85.658
10.8857,-85.4818
10.7764,-85.4002
10.8308,-85.6178
10.9932,-85.4746
10.936,-85.3714
10.8949,-85.2667
10.8882,-85.3206
10.7697,-85.3408
10.8765,-85.5861
10.8021,-85.6537
10.8425,-85.642
10.8708,-85.6053
10.9366,-85.4669
10.8541,-85.6153
10.7709,-85.4246
10.9028,-85.29
10.9592,-85.4951
10.9573,-85.4951
10.8964,-85.4737
10.83764,-85.61871
10.7696,-85.5929
11.0284,-85.5278
11.0303,-85.5341
10.957,-85.4947
10.8667,-85.4043
11.0626,-85.4149
10.817,-85.6437
10.9076,-85.5691
10.7863,-85.5583
10.8734,-85.6265
10.8901,-85.6746
10.8822,-85.6914
10.8835,-85.4097
10.8449,-85.788
10.8064,-85.6433
10.8338,-85.6127
10.8733,-85.6067
10.7706,-85.4244
10.7782,-85.3946
10.82822,-85.23747
10.7645,-85.3116
11.0353,-85.5365
10.7711,-85.3607
11.0005,-85.3934
10.8153,-85.5436
10.7599,-85.2874
10.7654,-85.2854
10.7693,-85.3466
10.9954,-85.3998
10.9882,-85.3958
10.9985,-85.3687
10.7708,-85.3742
10.9971,-85.4032
10.9035,-85.3092
11.0137,-85.4253
10.7733,-85.379
11.0148,-85.3638
11.0817,-85.394
10.9959,-85.4063
10.7611,-85.4022
10.9112,-85.193
10.9564,-85.2662
11.0178,-85.598
11.011,-85.5446
10.9734,-85.4209
11.0324,-85.4993
10.9002,-85.5659
10.7623,-85.4
11.0506,-85.385
10.9805,-85.5443
10.7621,-85.3239
10.98292,-85.4332
10.8647,-85.4153
10.9881,-85.3934
10.78,-85.664
10.9684,-85.3183
9.549,-83.985
10.838,-85.618
11.00006,-85.40195
10.77451,-85.34164
10.7572,-85.3358
10.9633,-85.3224
10.9681,-85.3209
10.9608,-85.3221
10.90376,-85.30274
